NEEDS_FIXING,PRONOUNCE,SYLLABARY
*,a:lí:sa:gwe:t ale énto:n gv̀:gwadu:lí,ᎠᎵᏌᏇt ᎠᎴ ᎡnᏙn ᎬᏆᏚᎵ
*,a:lí:sa:gwe:t dě:jádó,ᎠᎵᏌᏇt ᏕᏣᏙ
*,"a:lí:sa:gwe:t, dv:sgini:go:hi, énto:n ale ayv.","ᎠᎵᏌᏇt, ᏛᏍᎩᏂᎪᎯ, ᎡnᏙn ᎠᎴ ᎠᏴ."
*,a:lí:sa:gwe:ti ale énto:ni gv̀:gwadu:líha,ᎠᎵᏌᏇᏘ ᎠᎴ ᎡnᏙᏂ ᎬᏆᏚᎵᎭ
*,"a:lí:sa:gwe:ti, dv:sgini:go:hi, énto:ni ale ayv.","ᎠᎵᏌᏇᏘ, ᏛᏍᎩᏂᎪᎯ, ᎡnᏙᏂ ᎠᎴ ᎠᏴ."
*,a:niji:sd,ᎠᏂᏥᏍd
*,a:nitáʔl iyáni ani:ge:hyű:j,ᎠᏂᏔꮅ ᎢᏯᏂ ᎠᏂᎨᏳj
*,a:nő:sd ani:jalag,ᎠᏃᏍd ᎠᏂᏣᎳg
*,"a:sé:hno, ji:sd ga:ji:ya:du:lí.","ᎠᏎᏃ, ᏥᏍd ᎦᏥᏯᏚᎵ."
*,"a:sé:hnv, ji:sd ga:ji:ya:du:lí.","ᎠᏎᏅ, ᏥᏍd ᎦᏥᏯᏚᎵ."
*,achű:j.,ᎠᏧj.
*,achű:ja hla yagigowhtíha,ᎠᏧᏣ Ꮭ ᏯᎩᎪwᏘᎭ
*,achű:ja hla yagigowhtíha.,ᎠᏧᏣ Ꮭ ᏯᎩᎪwᏘᎭ.
*,age:hyű ale a:nijo yǒ:n,ᎠᎨᏳ ᎠᎴ ᎠᏂᏦ Ᏺn
*,age:hyű:j.,ᎠᎨᏳj.
*,age:hyű:ja agigowhtíha,ᎠᎨᏳᏣ ᎠᎩᎪwᏘᎭ
*,age:hyű:ja agigowhtíha.,ᎠᎨᏳᏣ ᎠᎩᎪwᏘᎭ.
*,agigowhtíha na age:hyű:ja.,ᎠᎩᎪwᏘᎭ Ꮎ ᎠᎨᏳᏣ.
*,agowhtǐ:sgó,ᎠᎪwᏘᏍᎪ
*,agowhtǐ:sgóʔi,ᎠᎪwᏘᏍᎪᎢ
*,agv̌:níge̋ kama:m à:lsdâ:yv:hv́sga.,ᎠᎬᏂᎨ ᎧᎹm ᎠꮅᏍᏓᏴᎲᏍᎦ.
*,agě:hya hiʔa à:gowhtí,ᎠᎨᏯ ᎯᎠ ᎠᎪwᏘ
*,agě:hya hiʔa à:gowhtíha,ᎠᎨᏯ ᎯᎠ ᎠᎪwᏘᎭ
*,agě:hya hiʔi à:gowhtí,ᎠᎨᏯ ᎯᎢ ᎠᎪwᏘ
*,agě:hya hiʔi à:gowhtíha,ᎠᎨᏯ ᎯᎢ ᎠᎪwᏘᎭ
*,ahawi hi:gowhtíha,ᎠᎭᏫ ᎯᎪwᏘᎭ
*,ahwi hi:gowhtí,ᎠᏫ ᎯᎪwᏘ
*,ajalag,ᎠᏣᎳg
*,ajalag wě:s gè:sé.,ᎠᏣᎳg ᏪᏍ ᎨᏎ.
*,aji:lv̋:sg,ᎠᏥᎸᏍg
*,aji:sd,ᎠᏥᏍd
*,ajv̋sdohd jaha.,ᎠᏨᏍᏙd ᏣᎭ.
*,am.x,Ꭰm.x
*,ani:chű:j ge:jagowhtí,ᎠᏂᏧj ᎨᏣᎪwᏘ
*,ani:chű:j ge:jagowhtí.,ᎠᏂᏧj ᎨᏣᎪwᏘ.
*,ani:chű:j.,ᎠᏂᏧj.
*,ani:chű:ja ge:jagowhtíha,ᎠᏂᏧᏣ ᎨᏣᎪwᏘᎭ
*,ani:chű:ja ge:jagowhtíha.,ᎠᏂᏧᏣ ᎨᏣᎪwᏘᎭ.
*,ani:gayv̌:líg.,ᎠᏂᎦᏴᎵg.
*,ani:ge:hyű:j.,ᎠᏂᎨᏳj.
*,ani:ji:lv̋:sg,ᎠᏂᏥᎸᏍg
*,ani:sgay.,ᎠᏂᏍᎦy.
*,ani:sgaya yǒ:na dà:nigowhtí,ᎠᏂᏍᎦᏯ ᏲᎾ ᏓᏂᎪwᏘ
*,ani:sgaya yǒ:na dà:nigowhtíha,ᎠᏂᏍᎦᏯ ᏲᎾ ᏓᏂᎪwᏘᎭ
*,ani:wi̋:n.,ᎠᏂᏫn.
*,ani:yv:wi ù:hna yigè:sé:sd,ᎠᏂᏴᏫ ᎤᎿ ᏱᎨᏎᏍd
*,asgay.,ᎠᏍᎦy.
*,asgaya hla na yà:gowhtí ayv áhni,ᎠᏍᎦᏯ Ꮭ Ꮎ ᏯᎪwᏘ ᎠᏴ ᎠᏂ
*,awi̋:n.,ᎠᏫn.
*,ayó:ne:g,ᎠᏲᏁg
*,chaně:l ale gahlgwǒ:g sgiga:ʔd ǐ:g.,ᏣᏁꮅ ᎠᎴ ᎦꮅᏉg ᏍᎩᎦd Ꭲg.
*,chuně:l ale gahlgwǒ:g sgiga:ʔd ǐ:g.,ᏧᏁꮅ ᎠᎴ ᎦꮅᏉg ᏍᎩᎦd Ꭲg.
*,dagowhtíha,ᏓᎪwᏘᎭ
*,daks,ᏓkᏍ
*,daksi.,ᏓkᏏ.
*,de:ginà:ktǒ:stánv̌,ᏕᎩᎾkᏙᏍᏔᏅ
*,de:ginà:ktǒ:stánv̌:ʔi,ᏕᎩᎾkᏙᏍᏔᏅᎢ
*,de:higowhtíha,ᏕᎯᎪwᏘᎭ
*,de:janhta,ᏕᏣnᏔ
*,de:janhté:sdi,ᏕᏣnᏖᏍᏗ
*,de:jigowhtǐ:sgó,ᏕᏥᎪwᏘᏍᎪ
*,de:jigowhtǐ:sgóʔi,ᏕᏥᎪwᏘᏍᎪᎢ
*,di:jv̋ysdi dù:du:líha go:hí i:ga.,ᏗᏨyᏍᏗ ᏚᏚᎵᎭ ᎪᎯ ᎢᎦ.
*,di:jv̋ysdi.,ᏗᏨyᏍᏗ.
*,di:sadv́:d de:higowhtí,ᏗᏌᏛd ᏕᎯᎪwᏘ
*,di:sadv́:d dǔ:ha,ᏗᏌᏛd ᏚᎭ
*,di:sadv́:d dǔ:ha.,ᏗᏌᏛd ᏚᎭ.
*,di:sadv́:di de:higowhtíha,ᏗᏌᏛᏗ ᏕᎯᎪwᏘᎭ
*,didadaktǒ:sda,ᏗᏓᏓkᏙᏍᏓ
*,didaktǒ:sda,ᏗᏓkᏙᏍᏓ
*,digada:gowhtv́hdi,ᏗᎦᏓᎪwᏛᏗ
*,digadaktǒ:sdóhdi,ᏗᎦᏓkᏙᏍᏙᏗ
*,digi:gowhtv́hdi,ᏗᎩᎪwᏛᏗ
*,diginada:gowhtv́hdi,ᏗᎩᎾᏓᎪwᏛᏗ
*,digini:gowhtv́hdi,ᏗᎩᏂᎪwᏛᏗ
*,digoːhweːl juwoːdű àgwanht.,ᏗᎪᏪꮅ ᏧᏬᏚ ᎠᏆnt.
*,digoːhweːli juwoːdűːhi àgwanhta.,ᏗᎪᏪᎵ ᏧᏬᏚᎯ ᎠᏆnᏔ.
*,digì:tdi,ᏗᎩtᏗ
*,dijada:gowhtv́hdi,ᏗᏣᏓᎪwᏛᏗ
*,dijadaktǒ:sda,ᏗᏣᏓkᏙᏍᏓ
*,dijadaktǒ:sdóhdi,ᏗᏣᏓkᏙᏍᏙᏗ
*,dijagowhtv́hdi,ᏗᏣᎪwᏛᏗ
*,dijaktǒ:sda,ᏗᏣkᏙᏍᏓ
*,diji:gowhtv́hdi,ᏗᏥᎪwᏛᏗ
*,dinadaktǒ:sda,ᏗᎾᏓkᏙᏍᏓ
*,disdada:gowhtv́hdi,ᏗᏍᏓᏓᎪwᏛᏗ
*,disdadaktǒ:sda,ᏗᏍᏓᏓkᏙᏍᏓ
*,disdi:gowhtv́hdi,ᏗᏍᏗᎪwᏛᏗ
*,disdì:tdi,ᏗᏍᏗtᏗ
*,dluhgv̋ jigowhtí,ᏡᎬ ᏥᎪwᏘ
*,dluhgv̋:ʔi jigowhtíha,ᏡᎬᎢ ᏥᎪwᏘᎭ
*,do:y,Ꮩy
*,du:lì:sd kaʔla.,ᏚᎵᏍd ᎧᎳ.
*,du:nhtv̌,ᏚnᏛ
*,du:nhtv̌:ʔi,ᏚnᏛᎢ
*,du:nhté:sdi,ᏚnᏖᏍᏗ
*,du:nhtó,ᏚnᏙ
*,du:nhtó:ʔi,ᏚnᏙᎢ
*,"dv:ʔì:sgi:go:hi, niga̋:d ayv.","ᏛᎢᏍᎩᎪᎯ, ᏂᎦd ᎠᏴ."
*,dà:giká ji:sd.,ᏓᎩᎧ ᏥᏍd.
*,dà:gwadó énto:ni,ᏓᏆᏙ ᎡnᏙᏂ
*,dà:gwanhta,ᏓᏆnᏔ
*,dà:gwanhtv̌,ᏓᏆnᏛ
*,dà:gwanhtv̌:ʔi,ᏓᏆnᏛᎢ
*,dà:gwanhté:sdi,ᏓᏆnᏖᏍᏗ
*,dà:gwanhtó,ᏓᏆnᏙ
*,dà:gwanhtó:ʔi,ᏓᏆnᏙᎢ
*,dà:nada:gowhtíha,ᏓᎾᏓᎪwᏘᎭ
*,dà:nada:gowhtǐ:sgó,ᏓᎾᏓᎪwᏘᏍᎪ
*,dà:nada:gowhtǐ:sgóʔi,ᏓᎾᏓᎪwᏘᏍᎪᎢ
*,dà:nadaktǒ:sdā,ᏓᎾᏓkᏙᏍᏓ
*,dà:nadà:ktǒ:sdí:sgó,ᏓᎾᏓkᏙᏍᏗᏍᎪ
*,dà:nadà:ktǒ:sdí:sgó:ʔi,ᏓᎾᏓkᏙᏍᏗᏍᎪᎢ
*,dà:ni:gowhtíha,ᏓᏂᎪwᏘᎭ
*,dé:dada:gowhtíha,ᏕᏓᏓᎪwᏘᎭ
*,dé:dada:gowhtǐ:sgó,ᏕᏓᏓᎪwᏘᏍᎪ
*,dé:dada:gowhtǐ:sgóʔi,ᏕᏓᏓᎪwᏘᏍᎪᎢ
*,dé:dadaktǒ:sdā,ᏕᏓᏓkᏙᏍᏓ
*,dé:dadà:ktǒ:sdí:sgó,ᏕᏓᏓkᏙᏍᏗᏍᎪ
*,dé:dadà:ktǒ:sdí:sgó:ʔi,ᏕᏓᏓkᏙᏍᏗᏍᎪᎢ
*,dé:di:gowhtíha,ᏕᏗᎪwᏘᎭ
*,dé:gà:ktǒ:stánv̌,ᏕᎦkᏙᏍᏔᏅ
*,dé:gà:ktǒ:stánv̌:ʔi,ᏕᎦkᏙᏍᏔᏅᎢ
*,dé:nada:gowhtíha,ᏕᎾᏓᎪwᏘᎭ
*,dé:nada:gowhtǐ:sgó,ᏕᎾᏓᎪwᏘᏍᎪ
*,dé:nada:gowhtǐ:sgóʔi,ᏕᎾᏓᎪwᏘᏍᎪᎢ
*,dé:nadaktǒ:sdā,ᏕᎾᏓkᏙᏍᏓ
*,dé:nadà:ktǒ:sdí:sgó,ᏕᎾᏓkᏙᏍᏗᏍᎪ
*,dé:nadà:ktǒ:sdí:sgó:ʔi,ᏕᎾᏓkᏙᏍᏗᏍᎪᎢ
*,dé:ni:gowhtíha,ᏕᏂᎪwᏘᎭ
*,dé:tstade:gv̀:gā,ᏕtᏍᏔᏕᎬᎦ
*,dé:tstade:gí,ᏕtᏍᏔᏕᎩ
*,dé:tstade:gí:ʔa,ᏕtᏍᏔᏕᎩᎠ
*,dé:wid ji:sd,ᏕᏫd ᏥᏍd
*,dé:wid ji:sd dà:gwadó,ᏕᏫd ᏥᏍd ᏓᏆᏙ
*,dé:wid! yv:wi áhni!,ᏕᏫd! ᏴᏫ ᎠᏂ!
*,"dé:wid, chá:li, ale já:n dè:jádó","ᏕᏫd, ᏣᎵ, ᎠᎴ Ꮳn ᏕᏣᏙ"
*,dì:tstade:gv̀,ᏗtᏍᏔᏕᎬ
*,dì:tstade:gv̀:ga,ᏗtᏍᏔᏕᎬᎦ
*,dì:tstadě:gô:di,ᏗtᏍᏔᏕᎪᏗ
*,dìgigowhtv́hdi,ᏗᎩᎪwᏛᏗ
*,dínaktǒ:sda,ᏗᎾkᏙᏍᏓ
*,"dò:gadó má:gaye:t, mé:l, ale gwa:gwa","ᏙᎦᏙ ᎹᎦᏰt, Ꮊꮅ, ᎠᎴ ᏆᏆ"
*,dò:ganhta,ᏙᎦnᏔ
*,dò:gi:nadó lí:nid ale ma:gá:l,ᏙᎩᎾᏙ ᎵᏂd ᎠᎴ ᎹᎦꮅ
*,dò:ginà:ktǒ:stánv̌,ᏙᎩᎾkᏙᏍᏔᏅ
*,dò:ginà:ktǒ:stánv̌:ʔi,ᏙᎩᎾkᏙᏍᏔᏅᎢ
*,dò:gà:ktǒ:stánv̌,ᏙᎦkᏙᏍᏔᏅ
*,dò:gà:ktǒ:stánv̌:ʔi,ᏙᎦkᏙᏍᏔᏅᎢ
*,dò:jada:gowhtíha,ᏙᏣᏓᎪwᏘᎭ
*,dò:jada:gowhtǐ:sgó,ᏙᏣᏓᎪwᏘᏍᎪ
*,dò:jada:gowhtǐ:sgóʔi,ᏙᏣᏓᎪwᏘᏍᎪᎢ
*,dò:jadaktǒ:sdā,ᏙᏣᏓkᏙᏍᏓ
*,dò:jadà:ktǒ:sdí:sgó,ᏙᏣᏓkᏙᏍᏗᏍᎪ
*,dò:jadà:ktǒ:sdí:sgó:ʔi,ᏙᏣᏓkᏙᏍᏗᏍᎪᎢ
*,dò:ji:gowhtíha,ᏙᏥᎪwᏘᎭ
*,dò:sdada:gowhtíha,ᏙᏍᏓᏓᎪwᏘᎭ
*,dò:sdada:gowhtǐ:sgó,ᏙᏍᏓᏓᎪwᏘᏍᎪ
*,dò:sdada:gowhtǐ:sgóʔi,ᏙᏍᏓᏓᎪwᏘᏍᎪᎢ
*,dò:sdadaktǒ:sdā,ᏙᏍᏓᏓkᏙᏍᏓ
*,dò:sdadà:ktǒ:sdí:sgó,ᏙᏍᏓᏓkᏙᏍᏗᏍᎪ
*,dò:sdadà:ktǒ:sdí:sgó:ʔi,ᏙᏍᏓᏓkᏙᏍᏗᏍᎪᎢ
*,dò:sdi:gowhtíha,ᏙᏍᏗᎪwᏘᎭ
*,dù:nanhté:sdi,ᏚᎾnᏖᏍᏗ
*,dù:ninhd kaʔla.,ᏚᏂnd ᎧᎳ.
*,dù:ninhdi kaʔla.,ᏚᏂnᏗ ᎧᎳ.
*,dù:ninvhd kaʔla.,ᏚᏂᏅd ᎧᎳ.
*,dù:nà:ktǒ:stánv̌,ᏚᎾkᏙᏍᏔᏅ
*,dù:nà:ktǒ:stánv̌:ʔi,ᏚᎾkᏙᏍᏔᏅᎢ
*,dù:nǐ:ha na nǔ:n.,ᏚᏂᎭ Ꮎ Ꮔn.
*,dě:dluhgv̋ dà:nigowhtí,ᏕᏡᎬ ᏓᏂᎪwᏘ
*,dě:dluhgv̋:ʔi dà:nigowhtíha,ᏕᏡᎬᎢ ᏓᏂᎪwᏘᎭ
*,dě:hlgv̋ dà:nigowhtí,ᏕꮅᎬ ᏓᏂᎪwᏘ
*,dě:hlgv̋:ʔi dà:nigowhtíha,ᏕꮅᎬᎢ ᏓᏂᎪwᏘᎭ
*,dě:hluʔgv̋ dà:nigowhtí,ᏕᏡᎬ ᏓᏂᎪwᏘ
*,dě:hluʔgv̋:ʔi dà:nigowhtíha,ᏕᏡᎬᎢ ᏓᏂᎪwᏘᎭ
*,dě:hlʔgv̋ dà:nigowhtí,ᏕꮅᎬ ᏓᏂᎪwᏘ
*,dě:hlʔgv̋:ʔi dà:nigowhtíha,ᏕꮅᎬᎢ ᏓᏂᎪwᏘᎭ
*,dě:jádó:ʔas dé:wid ji:sd?,ᏕᏣᏙᎠᏍ ᏕᏫd ᏥᏍd?
*,dě:jádós dé:wid ji:sd?,ᏕᏣᏙᏍ ᏕᏫd ᏥᏍd?
*,dō jű:sd nv̀:ya?,Ꮩ ᏧᏍd ᏅᏯ?
*,dō jű:sd nǔ:n?,Ꮩ ᏧᏍd Ꮔn?
*,dō u:sd hiʔa?,Ꮩ ᎤᏍd ᎯᎠ?
*,dō u:sd jadu:lí?,Ꮩ ᎤᏍd ᏣᏚᎵ?
*,dō u:sd julsǔ:hwid na nǔ:n?,Ꮩ ᎤᏍd ᏧꮅᏑᏫd Ꮎ Ꮔn?
*,dō u:sd sdadu:lí?,Ꮩ ᎤᏍd ᏍᏓᏚᎵ?
*,dō u:sd u:nalsǔ:hwid na ji:sd?,Ꮩ ᎤᏍd ᎤᎾꮅᏑᏫd Ꮎ ᏥᏍd?
*,dō u:sd ulsǔ:hwid na gi:hli?,Ꮩ ᎤᏍd ᎤꮅᏑᏫd Ꮎ ᎩᏟ?
*,dō u:sd áhni?,Ꮩ ᎤᏍd ᎠᏂ?
*,dō u:sd ì:jadu:lí?,Ꮩ ᎤᏍd ᎢᏣᏚᎵ?
*,dō u:sd?,Ꮩ ᎤᏍd?
*,dō u:sdi higowhtí?,Ꮩ ᎤᏍᏗ ᎯᎪwᏘ?
*,dō à:dv́:ne achű:j?,Ꮩ ᎠᏛᏁ ᎠᏧj?
*,dō à:dv́:ne age:hyű:j?,Ꮩ ᎠᏛᏁ ᎠᎨᏳj?
*,dō à:na:dv́:ne ani:chű:j?,Ꮩ ᎠᎾᏛᏁ ᎠᏂᏧj?
*,dō ű:sd asgaya?,Ꮩ ᎤᏍd ᎠᏍᎦᏯ?
*,dō ű:sd do:dáhno:gí:si?,Ꮩ ᎤᏍd ᏙᏓᏃᎩᏏ?
*,dō ű:sd dáhno:gí:si?,Ꮩ ᎤᏍd ᏓᏃᎩᏏ?
*,dō ű:sd?,Ꮩ ᎤᏍd?
*,dō űnsd ani:sgaya?,Ꮩ ᎤnᏍd ᎠᏂᏍᎦᏯ?
*,dō űnsd?,Ꮩ ᎤnᏍd?
*,dō űnsdi ani:gě:hya?,Ꮩ ᎤnᏍᏗ ᎠᏂᎨᏯ?
*,dō űnsdi?,Ꮩ ᎤnᏍᏗ?
*,dǔ:ha na di:sadv́:d.,ᏚᎭ Ꮎ ᏗᏌᏛd.
*,e̋:g.,Ꭱg.
*,ga:sgilo jigowhtí,ᎦᏍᎩᎶ ᏥᎪwᏘ
*,ga:sgilo jigowhtíha,ᎦᏍᎩᎶ ᏥᎪwᏘᎭ
*,gada:gowhtíha,ᎦᏓᎪwᏘᎭ
*,gadō jű:sd nv̀:ya?,ᎦᏙ ᏧᏍd ᏅᏯ?
*,gadō jű:sd nǔ:n?,ᎦᏙ ᏧᏍd Ꮔn?
*,gadō u:sd higowhtí?,ᎦᏙ ᎤᏍd ᎯᎪwᏘ?
*,gadō u:sd julsǔ:hwid na nǔ:n?,ᎦᏙ ᎤᏍd ᏧꮅᏑᏫd Ꮎ Ꮔn?
*,gadō u:sd u:nalsǔ:hwid na ji:sd?,ᎦᏙ ᎤᏍd ᎤᎾꮅᏑᏫd Ꮎ ᏥᏍd?
*,gadō u:sd ulsǔ:hwid na gi:hli?,ᎦᏙ ᎤᏍd ᎤꮅᏑᏫd Ꮎ ᎩᏟ?
*,gadō u:sd áhni?,ᎦᏙ ᎤᏍd ᎠᏂ?
*,gadō u:sdi higowhtíha?,ᎦᏙ ᎤᏍᏗ ᎯᎪwᏘᎭ?
*,gadō à:dv́:ne achű:j?,ᎦᏙ ᎠᏛᏁ ᎠᏧj?
*,gadō à:dv́:ne age:hyű:j?,ᎦᏙ ᎠᏛᏁ ᎠᎨᏳj?
*,gadō à:na:dv́:ne ani:chű:j?,ᎦᏙ ᎠᎾᏛᏁ ᎠᏂᏧj?
*,gadō ű:sd asgaya?,ᎦᏙ ᎤᏍd ᎠᏍᎦᏯ?
*,gadō ű:sd?,ᎦᏙ ᎤᏍd?
*,gadō űnsd ani:sgaya?,ᎦᏙ ᎤnᏍd ᎠᏂᏍᎦᏯ?
*,gadō űnsdi ani:gě:hya?,ᎦᏙ ᎤnᏍᏗ ᎠᏂᎨᏯ?
*,gadō űnsdi ani:sgaya?,ᎦᏙ ᎤnᏍᏗ ᎠᏂᏍᎦᏯ?
*,gadō űnsdi?,ᎦᏙ ᎤnᏍᏗ?
*,gahi:gowhtíha,ᎦᎯᎪwᏘᎭ
*,gahi:gowhtǐ:sgó,ᎦᎯᎪwᏘᏍᎪ
*,gahi:gowhtǐ:sgóʔi,ᎦᎯᎪwᏘᏍᎪᎢ
*,gahlgwǒ:g ale joʔga:ʔd táʔlsgǒ ǐ:g.,ᎦꮅᏉg ᎠᎴ ᏦᎦd ᏔꮅᏍᎪ Ꭲg.
*,gahlgwǒ:g ale sà:gwű chaně:l ǐ:g.,ᎦꮅᏉg ᎠᎴ ᏌᏊ ᏣᏁꮅ Ꭲg.
*,gahlgwǒ:g ale sà:gwű chuně:l ǐ:g.,ᎦꮅᏉg ᎠᎴ ᏌᏊ ᏧᏁꮅ Ꭲg.
*,gahlgwǒ:g ani:ge:hyű:j,ᎦꮅᏉg ᎠᏂᎨᏳj
*,gaji:gowhtv́hdi,ᎦᏥᎪwᏛᏗ
*,gaji:gowhtíha,ᎦᏥᎪwᏘᎭ
*,galigwǒ:g.,ᎦᎵᏉg.
*,gana̋:j.,ᎦᎾj.
*,gawò:nǐ:hísd,ᎦᏬᏂᎯᏍd
*,gawó:ni:sgv́ à:ktahv.́,ᎦᏬᏂᏍᎬ ᎠkᏔᎲ.
*,gawó:ni:sgv́ à:ktahv́,ᎦᏬᏂᏍᎬ ᎠkᏔᎲ
*,gawó:ni:sgv́:ʔi à:ktahv́:ʔi,ᎦᏬᏂᏍᎬᎢ ᎠkᏔᎲᎢ
*,gawó:ni:sgv́:ʔi à:ktahv́:ʔi.,ᎦᏬᏂᏍᎬᎢ ᎠkᏔᎲᎢ.
*,gaʔlo:hn kaʔla.,ᎦᎶn ᎧᎳ.
*,ge:di:gowhtǐ:sgó,ᎨᏗᎪwᏘᏍᎪ
*,ge:di:gowhtǐ:sgóʔi,ᎨᏗᎪwᏘᏍᎪᎢ
*,ge:jagowhtí na ani:chű:j.,ᎨᏣᎪwᏘ Ꮎ ᎠᏂᏧj.
*,ge:jagowhtíha,ᎨᏣᎪwᏘᎭ
*,ge:jagowhtíha na ani:chű:ja.,ᎨᏣᎪwᏘᎭ Ꮎ ᎠᏂᏧᏣ.
*,ge:jagowhtǐ:sgó,ᎨᏣᎪwᏘᏍᎪ
*,ge:jagowhtǐ:sgóʔi,ᎨᏣᎪwᏘᏍᎪᎢ
*,ge:jaktǒ:sdā,ᎨᏣkᏙᏍᏓ
*,ge:ji:gowhtǐ:sgó,ᎨᏥᎪwᏘᏍᎪ
*,ge:ji:gowhtǐ:sgóʔi,ᎨᏥᎪwᏘᏍᎪᎢ
*,ge:jà:ktǒ:sdi,ᎨᏣkᏙᏍᏗ
*,ge:jà:ktǒ:stánv̌,ᎨᏣkᏙᏍᏔᏅ
*,ge:jà:ktǒ:stánv̌:ʔi,ᎨᏣkᏙᏍᏔᏅᎢ
*,ge:ni:gowhtǐ:sgó,ᎨᏂᎪwᏘᏍᎪ
*,ge:ni:gowhtǐ:sgóʔi,ᎨᏂᎪwᏘᏍᎪᎢ
*,gi:hli dà:gowhtí asgaya,ᎩᏟ ᏓᎪwᏘ ᎠᏍᎦᏯ
*,gi:hli dà:gowhtíha asgaya,ᎩᏟ ᏓᎪwᏘᎭ ᎠᏍᎦᏯ
*,gi:hli ji:gowhtí,ᎩᏟ ᏥᎪwᏘ
*,gi:hli ji:gowhtíha,ᎩᏟ ᏥᎪwᏘᎭ
*,ginada:gowhtv́hdi,ᎩᎾᏓᎪwᏛᏗ
*,ginatdi,ᎩᎾtᏗ
*,gini:gowhtv́hdi,ᎩᏂᎪwᏛᏗ
*,go:g.,Ꭺg.
*,go:hű:sd ő:sd jigowhtí,ᎪᎱᏍd ᎣᏍd ᏥᎪwᏘ
*,go:hű:sdi ő:sda jigowhtíha,ᎪᎱᏍᏗ ᎣᏍᏓ ᏥᎪwᏘᎭ
*,go:hwe:l jigowhtí,ᎪᏪꮅ ᏥᎪwᏘ
*,go:hwe:li jigowhtíha,ᎪᏪᎵ ᏥᎪwᏘᎭ
*,go:hű:sd,ᎪᎱᏍd
*,go:hű:sd dù:na:du:lí,ᎪᎱᏍd ᏚᎾᏚᎵ
*,go:hű:sd ù:na:du:lí,ᎪᎱᏍd ᎤᎾᏚᎵ
*,gu:le de:jigowhtí,ᎫᎴ ᏕᏥᎪwᏘ
*,gu:le de:jigowhtíha,ᎫᎴ ᏕᏥᎪwᏘᎭ
*,guːle dǐːso àgwanht.,ᎫᎴ ᏗᏐ ᎠᏆnt.
*,guːle dǐːsoʔi àgwanhta.,ᎫᎴ ᏗᏐᎢ ᎠᏆnᏔ.
*,gv:gigowhtí na wahya.,ᎬᎩᎪwᏘ Ꮎ ᏩᏯ.
*,gv:gigowhtíha,ᎬᎩᎪwᏘᎭ
*,gv:gigowhtíha na wahaya.,ᎬᎩᎪwᏘᎭ Ꮎ ᏩᎭᏯ.
*,gv:gowhtv́hdi,ᎬᎪwᏛᏗ
*,gv:gowhtíha,ᎬᎪwᏘᎭ
*,gv́:n,Ꭼn
*,gv́:n desgv̀.,Ꭼn ᏕᏍᎬ.
*,gv́:n dè:skv̀.,Ꭼn ᏕᏍᎬ.
*,gv́:n gahiʔv̀.,Ꭼn ᎦᎯᎥ.
*,gv́:n hiʔv̀.,Ꭼn ᎯᎥ.
*,gv́:n à:gwadu:lí.,Ꭼn ᎠᏆᏚᎵ.
*,gv́:n à:wadu:lí.,Ꭼn ᎠᏩᏚᎵ.
*,gv́:n.,Ꭼn.
*,gv̌:hnáge̋ sadv́:d,ᎬᎿᎨ ᏌᏛd
*,gv̌:níge̋ sadv́:d,ᎬᏂᎨ ᏌᏛd
*,gwag.,Ꮖg.
*,gwen.,Ꮗn.
*,gè:sv̌:g,ᎨᏒg
*,gè:sé:sd,ᎨᏎᏍd
*,gùːgu dalǒːníge̋ ùːsgǒːlv̋ ùnhta.,ᎫᎫ ᏓᎶᏂᎨ ᎤᏍᎪᎸ ᎤnᏔ.
*,gő:sd,ᎪᏍd
*,gő:sd ő:sd jigowhtí,ᎪᏍd ᎣᏍd ᏥᎪwᏘ
*,gő:sdi ő:sda jigowhtíha,ᎪᏍᏗ ᎣᏍᏓ ᏥᎪwᏘᎭ
*,ha:dlv na a:nijo yǒ:n?,ᎭᏢ Ꮎ ᎠᏂᏦ Ᏺn?
*,hada:gowhtíha,ᎭᏓᎪwᏘᎭ
*,hadaktǒ:sda,ᎭᏓkᏙᏍᏓ
*,hadà:ktǒ:sdi,ᎭᏓkᏙᏍᏗ
*,hadà:ktǒ:sdí:sgó,ᎭᏓkᏙᏍᏗᏍᎪ
*,hadà:ktǒ:sdí:sgó:ʔi,ᎭᏓkᏙᏍᏗᏍᎪᎢ
*,hi:gowhtíha,ᎯᎪwᏘᎭ
*,hi:gowhtǐ:sgó,ᎯᎪwᏘᏍᎪ
*,hi:gowhtǐ:sgóʔi,ᎯᎪwᏘᏍᎪᎢ
*,higowhtíha,ᎯᎪwᏘᎭ
*,higowhtǐ:sgó,ᎯᎪwᏘᏍᎪ
*,higowhtǐ:sgóʔi,ᎯᎪwᏘᏍᎪᎢ
*,hiksgǒ:hi,ᎯkᏍᎪᎯ
*,hisg ale sóhně:l niga:ʔd ǐ:g.,ᎯᏍg ᎠᎴ ᏐᏁꮅ ᏂᎦd Ꭲg.
*,hisg ana̋:ta à:né:ga.,ᎯᏍg ᎠᎾᏔ ᎠᏁᎦ.
*,hisg do:ya,ᎯᏍg ᏙᏯ
*,hisg.,ᎯᏍg.
*,hiʔa kó:g sě:lu ga̋:du u:du:lí.,ᎯᎠ Ꭺg ᏎᎷ ᎦᏚ ᎤᏚᎵ.
*,hiʔa kó:g.,ᎯᎠ Ꭺg.
*,hiʔa sà:gwű u:yő ji:sd.,ᎯᎠ ᏌᏊ ᎤᏲ ᏥᏍd.
*,hiʔas ő:sd sǒ:gwíl?,ᎯᎠᏍ ᎣᏍd ᏐᏈꮅ?
*,hiʔi kó:g.,ᎯᎢ Ꭺg.
*,hiʔis ő:sd sǒ:gwíl?,ᎯᎢᏍ ᎣᏍd ᏐᏈꮅ?
*,hla achű:ja yagigowhtíha.,Ꮭ ᎠᏧᏣ ᏯᎩᎪwᏘᎭ.
*,hla agě:hya yi̋:g. asgai.,Ꮭ ᎠᎨᏯ Ᏹg. ᎠᏍᎦᎢ.
*,hla ani:ge:hyű:j yigv:gigowhtí,Ꮭ ᎠᏂᎨᏳj ᏱᎬᎩᎪwᏘ
*,hla ani:ge:hyű:j yigv:gigowhtí.,Ꮭ ᎠᏂᎨᏳj ᏱᎬᎩᎪwᏘ.
*,hla asgai yi̋:g. agě:hya.,Ꮭ ᎠᏍᎦᎢ Ᏹg. ᎠᎨᏯ.
*,hla di:sadv́:d yidǔ:ha,Ꮭ ᏗᏌᏛd ᏱᏚᎭ
*,hla gi:hli yi̋:g. wě:s.,Ꮭ ᎩᏟ Ᏹg. ᏪᏍ.
*,hla go:hű:sd,Ꮭ ᎪᎱᏍd
*,hla goːhweːl só yùnhta.,Ꮭ ᎪᏪꮅ Ꮠ ᏳnᏔ.
*,hla goːhweːli sóʔi yùnhta.,Ꮭ ᎪᏪᎵ ᏐᎢ ᏳnᏔ.
*,hla gùːgu juːnéːgihld yigaːdí,Ꮭ ᎫᎫ ᏧᏁᎩꮅd ᏱᎦᏗ
*,hla gő:sd,Ꮭ ᎪᏍd
*,hla na di:sadv́:d yidǔ:ha.,Ꮭ Ꮎ ᏗᏌᏛd ᏱᏚᎭ.
*,hla nv̀ːya juːnéːgihld yigaːdí.,Ꮭ ᏅᏯ ᏧᏁᎩꮅd ᏱᎦᏗ.
*,hla nà:sgi yiji:gowhtí,Ꮭ ᎾᏍᎩ ᏱᏥᎪwᏘ
*,hla salǒ:l yige:jagowhtí,Ꮭ ᏌᎶꮅ ᏱᎨᏣᎪwᏘ
*,hla salǒ:l yige:jagowhtí.,Ꮭ ᏌᎶꮅ ᏱᎨᏣᎪwᏘ.
*,hla sgina yiji:gowhtí,Ꮭ ᏍᎩᎾ ᏱᏥᎪwᏘ
*,hla só ahwi soʔǐːyi yi̋ːg.,Ꮭ Ꮠ ᎠᏫ ᏐᎢᏱ Ᏹg.
*,hla tò:hi̋ yi̋g.,Ꮭ ᏙᎯ Ᏹg.
*,hla v̀:sgi yiji:gowhtí,Ꮭ ᎥᏍᎩ ᏱᏥᎪwᏘ
*,hla v̀:sgina yiji:gowhtí,Ꮭ ᎥᏍᎩᎾ ᏱᏥᎪwᏘ
*,hla yagigowhtíha na achű:ja.,Ꮭ ᏯᎩᎪwᏘᎭ Ꮎ ᎠᏧᏣ.
*,hla yijagowhtíha na yǒ:na.,Ꮭ ᏱᏣᎪwᏘᎭ Ꮎ ᏲᎾ.
*,hla yiji:gowhtíha,Ꮭ ᏱᏥᎪwᏘᎭ
*,hla yǒ:n áhni yi̋:g,Ꮭ Ᏺn ᎠᏂ Ᏹg
*,hla yǒ:na yijagowhtíha,Ꮭ ᏲᎾ ᏱᏣᎪwᏘᎭ
*,hla yǒ:na yijagowhtíha.,Ꮭ ᏲᎾ ᏱᏣᎪwᏘᎭ.
*,hla áhni yi̋:g,Ꮭ ᎠᏂ Ᏹg
*,hla ő:sd yi̋:g,Ꮭ ᎣᏍd Ᏹg
*,hla ő:sd yi̋g.,Ꮭ ᎣᏍd Ᏹg.
*,hla ő:sd yi̋gi.,Ꮭ ᎣᏍd ᏱᎩ.
*,hlahv ő:sd yi̋gi.,ᏝᎲ ᎣᏍd ᏱᎩ.
*,hlaju wahya yi̋:g?,ᏝᏧ ᏩᏯ Ᏹg?
*,hlas ahwi yi̋:g?,ᏝᏍ ᎠᏫ Ᏹg?
*,hlgv̋ jigowhtí,ꮅᎬ ᏥᎪwᏘ
*,hlgv̋:ʔi jigowhtíha,ꮅᎬᎢ ᏥᎪwᏘᎭ
*,hluʔgv̋ jigowhtí,ᏡᎬ ᏥᎪwᏘ
*,hluʔgv̋:ʔi jigowhtíha,ᏡᎬᎢ ᏥᎪwᏘᎭ
*,hlv:daj,ᏢᏓj
*,hlʔgv̋ jigowhtí,ꮅᎬ ᏥᎪwᏘ
*,hlʔgv̋:ʔi jigowhtíha,ꮅᎬᎢ ᏥᎪwᏘᎭ
*,howa. go:hű:sd ő:sd,ᎰᏩ. ᎪᎱᏍd ᎣᏍd
*,howa. gő:sd ő:sd,ᎰᏩ. ᎪᏍd ᎣᏍd
*,ijé:ʔiyű:sdis yǒ:n?,ᎢᏤᎢᏳᏍᏗᏍ Ᏺn?
*,jada:gowhtv́hdi,ᏣᏓᎪwᏛᏗ
*,jagowhtv́hdi,ᏣᎪwᏛᏗ
*,jagowhtíha,ᏣᎪwᏘᎭ
*,jagowhtíha salǒ:li.,ᏣᎪwᏘᎭ ᏌᎶᎵ.
*,jagowhtǐ:sgó,ᏣᎪwᏘᏍᎪ
*,jagowhtǐ:sgóʔi,ᏣᎪwᏘᏍᎪᎢ
*,jaktǒ:sdā,ᏣkᏙᏍᏓ
*,janht.,Ꮳnt.
*,janhta,ᏣnᏔ
*,janhta.,ᏣnᏔ.
*,ji:gowhtv́hdi,ᏥᎪwᏛᏗ
*,ji:gowhtíha,ᏥᎪwᏘᎭ
*,ji:sd,ᏥᏍd
*,ji:sd age:hyű:j,ᏥᏍd ᎠᎨᏳj
*,ji:sd dà:giká,ᏥᏍd ᏓᎩᎧ
*,ji:sd dà:giká.,ᏥᏍd ᏓᎩᎧ.
*,jigowhtíha,ᏥᎪwᏘᎭ
*,jigowhtǐ:sgó,ᏥᎪwᏘᏍᎪ
*,jigowhtǐ:sgóʔi,ᏥᎪwᏘᏍᎪᎢ
*,jitǎ:g,ᏥᏔg
*,joʔga:ʔd ani:ge:hyű:j áhni.,ᏦᎦd ᎠᏂᎨᏳj ᎠᏂ.
*,joʔi:ne̋ nohj,ᏦᎢᏁ Ꮓj
*,ju:gowhtv́hdi,ᏧᎪwᏛᏗ
*,ju:ktǒ:sdóhdi,ᏧkᏙᏍᏙᏗ
*,ju:là:sg,ᏧᎳᏍg
*,ju:natvhisd.,ᏧᎾᏛᎯᏍd.
*,ju:no:dű ani:ge:hyű:j anili:hě:lî:ga.,ᏧᏃᏚ ᎠᏂᎨᏳj ᎠᏂᎵᎮᎵᎦ.
*,ju:nsdi̋.,ᏧnᏍᏗ.
*,ju:wà:tdi,ᏧᏩtᏗ
*,juwoːdű gùːg dàːgi.,ᏧᏬᏚ Ꭻg ᏓᎩ.
*,juwě:j,ᏧᏪj
*,juwőhld digo:hwe:l,ᏧᏬꮅd ᏗᎪᏪꮅ
*,jà:ktǒ:sdi,ᏣkᏙᏍᏗ
*,"já:n, dv:gv:go:hi","Ꮳn, ᏛᎬᎪᎯ"
*,"já:n, dv:sgi:go:hi","Ꮳn, ᏛᏍᎩᎪᎯ"
*,jò:gada:gowhtv́hdi,ᏦᎦᏓᎪwᏛᏗ
*,jò:gadaktǒ:sdóhdi,ᏦᎦᏓkᏙᏍᏙᏗ
*,jò:gi:gowhtv́hdi,ᏦᎩᎪwᏛᏗ
*,jò:ginada:gowhtv́hdi,ᏦᎩᎾᏓᎪwᏛᏗ
*,jò:ginadaktǒ:sdóhdi,ᏦᎩᎾᏓkᏙᏍᏙᏗ
*,jò:gini:gowhtv́hdi,ᏦᎩᏂᎪwᏛᏗ
*,jò:gì:tdi,ᏦᎩtᏗ
*,jù:nada:gowhtv́hdi,ᏧᎾᏓᎪwᏛᏗ
*,jù:nadaktǒ:sdóhdi,ᏧᎾᏓkᏙᏍᏙᏗ
*,jù:ni:gowhtv́hdi,ᏧᏂᎪwᏛᏗ
*,jù:nì:tdi,ᏧᏂtᏗ
*,kama:m,ᎧᎹm
*,kanajì:sdě:j,ᎧᎾᏥᏍᏕj
*,kanaʔně:sg,ᎧᎾᏁᏍg
*,kanu:n,ᎧᏄn
*,kawo:hn kaʔla.,ᎧᏬn ᎧᎳ.
*,kawǒ:n,ᎧᏬn
*,kiyû:g,ᎩᏳg
*,kuye:gwǒ:n kaʔla.,ᎫᏰᏉn ᎧᎳ.
*,kwan.,Ꮖn.
*,kó:g,Ꭺg
*,kóg.,Ꭺg.
*,lu:g.,Ꮇg.
*,lí:nid ale ma:gá:l dò:gi:nadó,ᎵᏂd ᎠᎴ ᎹᎦꮅ ᏙᎩᎾᏙ
*,"lí:nid ale ma:gá:l, dv:sdv:go:hi","ᎵᏂd ᎠᎴ ᎹᎦꮅ, ᏛᏍᏛᎪᎯ"
*,"lí:nid ale ma:gá:l, dv:sgini:go:hi","ᎵᏂd ᎠᎴ ᎹᎦꮅ, ᏛᏍᎩᏂᎪᎯ"
*,ma:gá:l lí:nid ù:du:lí,ᎹᎦꮅ ᎵᏂd ᎤᏚᎵ
*,"má:gaye:t, mé:l, ale gwa:gwa dò:gadó","ᎹᎦᏰt, Ꮊꮅ, ᎠᎴ ᏆᏆ ᏙᎦᏙ"
*,na a:nidalǒ:níge̋ ji:sd ù:hna gè:sv̌:g.,Ꮎ ᎠᏂᏓᎶᏂᎨ ᏥᏍd ᎤᎿ ᎨᏒg.
*,na a:nijo yǒ:n,Ꮎ ᎠᏂᏦ Ᏺn
*,na a:nijo yǒ:n ù:hna̋.,Ꮎ ᎠᏂᏦ Ᏺn ᎤᎿ.
*,na ani:ge:hyű:j hla yigv:gigowhtí.,Ꮎ ᎠᏂᎨᏳj Ꮭ ᏱᎬᎩᎪwᏘ.
*,na di:sadv́:d hla yidǔ:ha.,Ꮎ ᏗᏌᏛd Ꮭ ᏱᏚᎭ.
*,na do:ya ulsǔ:hwid uwǒ:díge̋,Ꮎ ᏙᏯ ᎤꮅᏑᏫd ᎤᏬᏗᎨ
*,na doyű uwo:dű ajin.,Ꮎ ᏙᏳ ᎤᏬᏚ ᎠᏥn.
*,na gő:sd julsǔ:hwid didaha:lige̋,Ꮎ ᎪᏍd ᏧꮅᏑᏫd ᏗᏓᎭᎵᎨ
*,na ji:sd u:nalsǔ:hwid u:ni:ne̋:g,Ꮎ ᏥᏍd ᎤᎾꮅᏑᏫd ᎤᏂᏁg
*,na nvhg gi:hli ga:hi:ya:du:lí,Ꮎ Ꮕg ᎩᏟ ᎦᎯᏯᏚᎵ
*,na salǒ:l hla yige:jagowhtí.,Ꮎ ᏌᎶꮅ Ꮭ ᏱᎨᏣᎪwᏘ.
*,na sǒ:gwíl uwǒ:díge̋ gè:sé:sd.,Ꮎ ᏐᏈꮅ ᎤᏬᏗᎨ ᎨᏎᏍd.
*,na wahaya gv:gigowhtíha.,Ꮎ ᏩᎭᏯ ᎬᎩᎪwᏘᎭ.
*,na wahya gv:gigowhtí.,Ꮎ ᏩᏯ ᎬᎩᎪwᏘ.
*,na wě:s à:nő:sd.,Ꮎ ᏪᏍ ᎠᏃᏍd.
*,na yǒ:n dalǒ:níge̋ ù:sgǒ:lv̋ i̋:g.,Ꮎ Ᏺn ᏓᎶᏂᎨ ᎤᏍᎪᎸ Ꭲg.
*,na yǒ:n achű:j já:ni dù:dó,Ꮎ Ᏺn ᎠᏧj ᏣᏂ ᏚᏙ
*,naj.,Ꮎj.
*,naju sadv́:d jadu:lí?,ᎾᏧ ᏌᏛd ᏣᏚᎵ?
*,ni! ujistalù:gi nokwsi.,Ꮒ! ᎤᏥᏍᏔᎷᎩ ᏃkwᏏ.
*,niga̋:d ayv dv:ʔì:jv:go:hi,ᏂᎦd ᎠᏴ ᏛᎢᏨᎪᎯ
*,"niga̋:d nihi, dv:ʔì:jv:go:hi","ᏂᎦd ᏂᎯ, ᏛᎢᏨᎪᎯ"
*,"niga̋:d nihi, dv:ʔì:sgi:go:hi","ᏂᎦd ᏂᎯ, ᏛᎢᏍᎩᎪᎯ"
*,nihi na u:yő ji:sd!,ᏂᎯ Ꮎ ᎤᏲ ᏥᏍd!
*,nihi áhni ő:sd,ᏂᎯ ᎠᏂ ᎣᏍd
*,nokwsi.,ᏃkwᏏ.
*,nv:d,Ꮕd
*,nvhg wahya,Ꮕg ᏩᏯ
*,nvhg.,Ꮕg.
*,nvksgǒ:hi,ᏅkᏍᎪᎯ
*,nò:t,Ꮓt
*,nó:t,Ꮓt
*,nǔ:n dù:nǐ:ha,Ꮔn ᏚᏂᎭ
*,nǔ:n dù:nǐ:ha.,Ꮔn ᏚᏂᎭ.
*,nǔ:n u:du:lí.,Ꮔn ᎤᏚᎵ.
*,nǔ:n ǔ:ha.,Ꮔn ᎤᎭ.
*,nǔ:n à:gwadu:lí,Ꮔn ᎠᏆᏚᎵ
*,nǔ:n.,Ꮔn.
*,nǔ:na aninv:hi̋:d.,ᏄᎾ ᎠᏂᏅᎯd.
*,o:gan,ᎣᎦn
*,sadv́:d à:gowhtí,ᏌᏛd ᎠᎪwᏘ
*,sadv́:di à:gowhtíha,ᏌᏛᏗ ᎠᎪwᏘᎭ
*,sakǒ:níge̋ sadv́:d,ᏌᎪᏂᎨ ᏌᏛd
*,salǒ:li jagowhtíha,ᏌᎶᎵ ᏣᎪwᏘᎭ
*,salǒ:li jagowhtíha.,ᏌᎶᎵ ᏣᎪwᏘᎭ.
*,sdv:gowhtv́hdi,ᏍᏛᎪwᏛᏗ
*,sdv:gowhtíha,ᏍᏛᎪwᏘᎭ
*,sgigowhtíha,ᏍᎩᎪwᏘᎭ
*,sgǒ:hítsgwa,ᏍᎪᎯtᏍᏆ
*,sihgw,Ꮟgw
*,sà:gwű u:yő ji:sd.,ᏌᏊ ᎤᏲ ᏥᏍd.
*,síyo dé:wid,ᏏᏲ ᏕᏫd
*,só salǒːl gǎːtíːyő gèːséːsd.,Ꮠ ᏌᎶꮅ ᎦᏘᏲ ᎨᏎᏍd.
*,sú:san ale tó:mas dě:sdádó,ᏑᏌn ᎠᎴ ᏙᎹᏍ ᏕᏍᏓᏙ
*,sǒ:gwíl di:niʔlě:nv́:hi:d,ᏐᏈꮅ ᏗᏂᎴᏅᎯd
*,sǒ:gwíl digaʔlě:nv́:hi:d,ᏐᏈꮅ ᏗᎦᎴᏅᎯd
*,sǒ:gwíl à:nigowhtí,ᏐᏈꮅ ᎠᏂᎪwᏘ
*,sǒ:gwíli à:nigowhtíha,ᏐᏈᎵ ᎠᏂᎪwᏘᎭ
*,sǔ:dáli:ne̋ achű:j,ᏑᏓᎵᏁ ᎠᏧj
*,taktǒ:sda,ᏔkᏙᏍᏓ
*,tala:d,ᏔᎳd
*,tawǒ:d,ᏔᏬd
*,tehg,Ꮦg
*,tin,Ꮨn
*,tinè:gw,ᏘᏁgw
*,tla yà:gwanht.,Ꮭ ᏯᏆnt.
*,tla yà:gwanhta.,Ꮭ ᏯᏆnᏔ.
*,tssdǐ:gî:sdi,tᏍᏍᏗᎩᏍᏗ
*,tstade:gí,tᏍᏔᏕᎩ
*,tstade:gí:ʔa,tᏍᏔᏕᎩᎠ
*,tstadě:gô:di,tᏍᏔᏕᎪᏗ
*,tvhg,Ꮫg
*,tóːmas wahya uːniːnéːgihld àːdi.,ᏙᎹᏍ ᏩᏯ ᎤᏂᏁᎩꮅd ᎠᏗ.
*,tóːmasi hla yǒːn uwoːdű yùnhta.,ᏙᎹᏏ Ꮭ Ᏺn ᎤᏬᏚ ᏳnᏔ.
*,tóːmasi hla yǒːna uwoːdűːhi yùnhta.,ᏙᎹᏏ Ꮭ ᏲᎾ ᎤᏬᏚᎯ ᏳnᏔ.
*,tǔ:ya higowhtí,ᏚᏯ ᎯᎪwᏘ
*,tǔ:ya higowhtíha,ᏚᏯ ᎯᎪwᏘᎭ
*,u:gù:k,ᎤᎫk
*,u:halv:n.,ᎤᎭᎸn.
*,u:je̋:tsd,ᎤᏤtᏍd
*,u:je̋:tsdi.,ᎤᏤtᏍᏗ.
*,u:ksò:ja:ne̋:d,ᎤkᏐᏣᏁd
*,u:ksò:ja:ne̋:da.,ᎤkᏐᏣᏁᏓ.
*,u:li:he:lísdi à:lsdàyhdi.,ᎤᎵᎮᎵᏍᏗ ᎠꮅᏍᏓyᏗ.
*,u:naje̋:tsd,ᎤᎾᏤtᏍd
*,u:naje̋:tsdi.,ᎤᎾᏤtᏍᏗ.
*,u:naksò:jane̋:d,ᎤᎾkᏐᏣᏁd
*,u:naksò:jane̋:da.,ᎤᎾkᏐᏣᏁᏓ.
*,u:nali:he:lísdi à:lsdàyhdi.,ᎤᎾᎵᎮᎵᏍᏗ ᎠꮅᏍᏓyᏗ.
*,u:ne̋:g ada,ᎤᏁg ᎠᏓ
*,u:ne̋:g.,ᎤᏁg.
*,u:nhta,ᎤnᏔ
*,u:ni:gù:k,ᎤᏂᎫk
*,u:ni:nò:de̋:n,ᎤᏂᏃᏕn
*,u:niyő ani:yv:wi áhni yi̋:g,ᎤᏂᏲ ᎠᏂᏴᏫ ᎠᏂ Ᏹg
*,u:niyő ani:yó:ne:g,ᎤᏂᏲ ᎠᏂᏲᏁg
*,u:no:lv̀:tan kaʔla.,ᎤᏃᎸᏔn ᎧᎳ.
*,u:nò:de̋:n,ᎤᏃᏕn
*,u:tvhisd.,ᎤᏛᎯᏍd.
*,udadlv̌:d gahineʔv̀:.,ᎤᏓᏢd ᎦᎯᏁᎥ.
*,udadlv̌:d hineʔv̀:.,ᎤᏓᏢd ᎯᏁᎥ.
*,udadlv̌:d.,ᎤᏓᏢd.
*,udadlv̌d desgi:ne:hv̀.,ᎤᏓᏢd ᏕᏍᎩᏁᎲ.
*,ukte:n,ᎤkᏖn
*,ukte:na.,ᎤkᏖᎾ.
*,usd.,ᎤᏍd.
*,utdi,ᎤtᏗ
*,uwoːdű gőːsdi higowhtí.,ᎤᏬᏚ ᎪᏍᏗ ᎯᎪwᏘ.
*,uwoːdűːhi goːhűːsdi higowhtíha.,ᎤᏬᏚᎯ ᎪᎱᏍᏗ ᎯᎪwᏘᎭ.
*,uwě:j,ᎤᏪj
*,uwőhld go:hwe:l,ᎤᏬꮅd ᎪᏪꮅ
*,uːnéːgihld jiːsd jakáha.,ᎤᏁᎩꮅd ᏥᏍd ᏣᎧᎭ.
*,uːnéːgihld sǒːgwíl jiːgowhtí.,ᎤᏁᎩꮅd ᏐᏈꮅ ᏥᎪwᏘ.
*,uːnéːgihldi sǒːgwíli jiːgowhtíha.,ᎤᏁᎩꮅᏗ ᏐᏈᎵ ᏥᎪwᏘᎭ.
*,vhla ani:ge:hyű:ja yigv:gigowhtíha,ᎥᏝ ᎠᏂᎨᏳᏣ ᏱᎬᎩᎪwᏘᎭ
*,vhla ani:ge:hyű:ja yigv:gigowhtíha.,ᎥᏝ ᎠᏂᎨᏳᏣ ᏱᎬᎩᎪwᏘᎭ.
*,vhla salǒ:li yige:jagowhtíha,ᎥᏝ ᏌᎶᎵ ᏱᎨᏣᎪwᏘᎭ
*,vhla salǒ:li yige:jagowhtíha.,ᎥᏝ ᏌᎶᎵ ᏱᎨᏣᎪwᏘᎭ.
*,vhla yige:jagowhtíha na salǒ:li.,ᎥᏝ ᏱᎨᏣᎪwᏘᎭ Ꮎ ᏌᎶᎵ.
*,vhla yigv:gigowhtíha na ani:ge:hyű:ja.,ᎥᏝ ᏱᎬᎩᎪwᏘᎭ Ꮎ ᎠᏂᎨᏳᏣ.
*,v̀:gigowhtíha,ᎥᎩᎪwᏘᎭ
*,v̀:gigowhtǐ:sgó,ᎥᎩᎪwᏘᏍᎪ
*,v̀:gigowhtǐ:sgóʔi,ᎥᎩᎪwᏘᏍᎪᎢ
*,v̀:gwaktǒ:sdā,ᎥᏆkᏙᏍᏓ
*,v́ːhla ani:ge:hyű:ja yigv:gigowhtíha.,ᎥᏝ ᎠᏂᎨᏳᏣ ᏱᎬᎩᎪwᏘᎭ.
*,v́ːhla salǒ:li yige:jagowhtíha.,ᎥᏝ ᏌᎶᎵ ᏱᎨᏣᎪwᏘᎭ.
*,v́ːhla yige:jagowhtíha na salǒ:li.,ᎥᏝ ᏱᎨᏣᎪwᏘᎭ Ꮎ ᏌᎶᎵ.
*,v́ːhla yigv:gigowhtíha na ani:ge:hyű:ja.,ᎥᏝ ᏱᎬᎩᎪwᏘᎭ Ꮎ ᎠᏂᎨᏳᏣ.
*,wahaya ga:hi:gowhtíha,ᏩᎭᏯ ᎦᎯᎪwᏘᎭ
*,wahaya gv:gigowhtíha,ᏩᎭᏯ ᎬᎩᎪwᏘᎭ
*,wahg,Ꮹg
*,wahya ga:hi:gowhtí,ᏩᏯ ᎦᎯᎪwᏘ
*,wahya gv:gigowhtí,ᏩᏯ ᎬᎩᎪwᏘ
*,widaktǒ:sda,ᏫᏓkᏙᏍᏓ
*,widinadaktǒ:sda,ᏫᏗᎾᏓkᏙᏍᏓ
*,widinaktǒ:sda,ᏫᏗᎾkᏙᏍᏓ
*,wijò:jadaktǒ:sda,ᏫᏦᏣᏓkᏙᏍᏓ
*,wijò:jaktǒ:sda,ᏫᏦᏣkᏙᏍᏓ
*,wijò:sdadaktǒ:sda,ᏫᏦᏍᏓᏓkᏙᏍᏓ
*,wijò:sdaktǒ:sda,ᏫᏦᏍᏓkᏙᏍᏓ
*,wě:s ga:ji:gowhtí,ᏪᏍ ᎦᏥᎪwᏘ
*,wě:sa ga:ji:gowhtíha,ᏪᏌ ᎦᏥᎪwᏘᎭ
*,wǎ:dádǔ:g,ᏩᏓᏚg
*,yansa.,ᏯnᏌ.
*,yǒ:na hla yijagowhtíha.,ᏲᎾ Ꮭ ᏱᏣᎪwᏘᎭ.
*,yvːwi hla ahwi uːnéːgihld yàːdi.,ᏴᏫ Ꮭ ᎠᏫ ᎤᏁᎩꮅd ᏯᏗ.
*,yvːwi hla tǔːya juːnéːgihld yàːdiha.,ᏴᏫ Ꮭ ᏚᏯ ᏧᏁᎩꮅd ᏯᏗᎭ.
*,yv́:wúne:g,ᏴᏭᏁg
*,yó:ne:g,ᏲᏁg
*,yǒ:n,Ᏺn
*,à:da:gowhtíha,ᎠᏓᎪwᏘᎭ
*,à:daktǒ:sdā,ᎠᏓkᏙᏍᏓ
*,à:dà:ktǒ:sdi,ᎠᏓkᏙᏍᏗ
*,à:gigowhtv́hdi,ᎠᎩᎪwᏛᏗ
*,à:gigowhtǐ:sgó,ᎠᎩᎪwᏘᏍᎪ
*,à:gigowhtǐ:sgóʔi,ᎠᎩᎪwᏘᏍᎪᎢ
*,à:gwada:gowhtv́hdi,ᎠᏆᏓᎪwᏛᏗ
*,à:gwanht.,ᎠᏆnt.
*,à:gwanhta.,ᎠᏆnᏔ.
*,à:gwatdi,ᎠᏆtᏗ
*,à:gìtdi,ᎠᎩtᏗ
*,à:jigowhtǐ:sgó,ᎠᏥᎪwᏘᏍᎪ
*,à:jigowhtǐ:sgóʔi,ᎠᏥᎪwᏘᏍᎪᎢ
*,à:ktade:gí,ᎠkᏔᏕᎩ
*,à:ktade:gí:sgó,ᎠkᏔᏕᎩᏍᎪ
*,à:ktade:gí:sgó:ʔi,ᎠkᏔᏕᎩᏍᎪᎢ
*,à:ktade:gí:ʔa,ᎠkᏔᏕᎩᎠ
*,à:ktadě:gô:di,ᎠkᏔᏕᎪᏗ
*,à:li:he:lísd ije̋ ú:de:tiyv:sa:dǐ:sv̋.,ᎠᎵᎮᎵᏍd ᎢᏤ ᎤᏕᏘᏴᏌᏗᏒ.
*,à:nada:gowhtíha,ᎠᎾᏓᎪwᏘᎭ
*,à:nada:gowhtǐ:sgó,ᎠᎾᏓᎪwᏘᏍᎪ
*,à:nada:gowhtǐ:sgóʔi,ᎠᎾᏓᎪwᏘᏍᎪᎢ
*,à:nadaktǒ:sdā,ᎠᎾᏓkᏙᏍᏓ
*,à:nadà:ktǒ:sdi,ᎠᎾᏓkᏙᏍᏗ
*,à:nadà:ktǒ:sdí:sgó,ᎠᎾᏓkᏙᏍᏗᏍᎪ
*,à:nadà:ktǒ:sdí:sgó:ʔi,ᎠᎾᏓkᏙᏍᏗᏍᎪᎢ
*,à:ndi.,ᎠnᏗ.
*,à:ndiʔa.,ᎠnᏗᎠ.
*,à:ni:gowhtíha,ᎠᏂᎪwᏘᎭ
*,à:ni:ji:sd,ᎠᏂᏥᏍd
*,à:nő:sd ani:jalag,ᎠᏃᏍd ᎠᏂᏣᎳg
*,ànsgv:t kaʔla.,ᎠnᏍᎬt ᎧᎳ.
*,ànsgv:ti kaʔla.,ᎠnᏍᎬᏘ ᎧᎳ.
*,á:m.,Ꭰm.
*,áhni ǐ:gá:d ama.,ᎠᏂ ᎢᎦd ᎠᎹ.
*,áhni ǐ:gá:d á:ma.,ᎠᏂ ᎢᎦd ᎠᎹ.
*,áhni ji:sd.,ᎠᏂ ᏥᏍd.
*,è:di:gowhtǐ:sgó,ᎡᏗᎪwᏘᏍᎪ
*,è:di:gowhtǐ:sgóʔi,ᎡᏗᎪwᏘᏍᎪᎢ
*,è:gi:gowhtǐ:sgó,ᎡᎩᎪwᏘᏍᎪ
*,è:gi:gowhtǐ:sgóʔi,ᎡᎩᎪwᏘᏍᎪᎢ
*,è:gini:gowhtíha,ᎡᎩᏂᎪwᏘᎭ
*,è:jagowhtíha,ᎡᏣᎪwᏘᎭ
*,è:jagowhtǐ:sgó,ᎡᏣᎪwᏘᏍᎪ
*,è:jagowhtǐ:sgóʔi,ᎡᏣᎪwᏘᏍᎪᎢ
*,è:jaktǒ:sdā,ᎡᏣkᏙᏍᏓ
*,è:ji:gowhtǐ:sgó,ᎡᏥᎪwᏘᏍᎪ
*,è:ji:gowhtǐ:sgóʔi,ᎡᏥᎪwᏘᏍᎪᎢ
*,è:jà:ktǒ:sdí:sgó,ᎡᏣkᏙᏍᏗᏍᎪ
*,è:jà:ktǒ:sdí:sgó:ʔi,ᎡᏣkᏙᏍᏗᏍᎪᎢ
*,è:jà:ktǒ:stánv̌,ᎡᏣkᏙᏍᏔᏅ
*,è:jà:ktǒ:stánv̌:ʔi,ᎡᏣkᏙᏍᏔᏅᎢ
*,è:ni:gowhtǐ:sgó,ᎡᏂᎪwᏘᏍᎪ
*,è:ni:gowhtǐ:sgóʔi,ᎡᏂᎪwᏘᏍᎪᎢ
*,énto:n dà:gwadó,ᎡnᏙn ᏓᏆᏙ
*,énto:ni dà:gwadó:a,ᎡnᏙᏂ ᏓᏆᏙᎠ
*,énto:ni dà:gwadó:ʔa,ᎡnᏙᏂ ᏓᏆᏙᎠ
*,ì:dada:gowhtíha,ᎢᏓᏓᎪwᏘᎭ
*,ì:dadà:ktǒ:sdi,ᎢᏓᏓkᏙᏍᏗ
*,ì:dadà:ktǒ:sdí:sgó,ᎢᏓᏓkᏙᏍᏗᏍᎪ
*,ì:dadà:ktǒ:sdí:sgó:ʔi,ᎢᏓᏓkᏙᏍᏗᏍᎪᎢ
*,ì:dalě:n.,ᎢᏓᎴn.
*,ì:di:gowhtíha,ᎢᏗᎪwᏘᎭ
*,ì:gada:gowhtv́hdi,ᎢᎦᏓᎪwᏛᏗ
*,ì:gatdi,ᎢᎦtᏗ
*,ì:gi:gowhtv́hdi,ᎢᎩᎪwᏛᏗ
*,ì:gì:tdi,ᎢᎩtᏗ
*,ì:jadà:ktǒ:stánv̌,ᎢᏣᏓkᏙᏍᏔᏅ
*,ì:jadà:ktǒ:stánv̌:ʔi,ᎢᏣᏓkᏙᏍᏔᏅᎢ
*,ì:jv:gowhtíha,ᎢᏨᎪwᏘᎭ
*,ì:jv:gowhtǐ:sgó,ᎢᏨᎪwᏘᏍᎪ
*,ì:jv:gowhtǐ:sgóʔi,ᎢᏨᎪwᏘᏍᎪᎢ
*,ì:nada:gowhtíha,ᎢᎾᏓᎪwᏘᎭ
*,ì:nadaktǒ:sdā,ᎢᎾᏓkᏙᏍᏓ
*,ì:nadà:ktǒ:sdi,ᎢᎾᏓkᏙᏍᏗ
*,ì:nadà:ktǒ:sdí:sgó,ᎢᎾᏓkᏙᏍᏗᏍᎪ
*,ì:nadà:ktǒ:sdí:sgó:ʔi,ᎢᎾᏓkᏙᏍᏗᏍᎪᎢ
*,ì:nalě:n.,ᎢᎾᎴn.
*,ì:ni:gowhtíha,ᎢᏂᎪwᏘᎭ
*,ì:sgi:gowhtíha,ᎢᏍᎩᎪwᏘᎭ
*,ì:sgi:gowhtǐ:sgó,ᎢᏍᎩᎪwᏘᏍᎪ
*,ì:sgi:gowhtǐ:sgóʔi,ᎢᏍᎩᎪwᏘᏍᎪᎢ
*,ò:gada:gowhtv́hdi,ᎣᎦᏓᎪwᏛᏗ
*,ò:gatdi,ᎣᎦtᏗ
*,ò:gi:gowhtv́hdi,ᎣᎩᎪwᏛᏗ
*,ò:ginada:gowhtv́hdi,ᎣᎩᎾᏓᎪwᏛᏗ
*,ò:ginatdi,ᎣᎩᎾtᏗ
*,ò:gini:gowhtv́hdi,ᎣᎩᏂᎪwᏛᏗ
*,ò:jada:gowhtíha,ᎣᏣᏓᎪwᏘᎭ
*,ò:jadaktǒ:sdā,ᎣᏣᏓkᏙᏍᏓ
*,ò:jadà:ktǒ:sdi,ᎣᏣᏓkᏙᏍᏗ
*,ò:ji:gowhtv́hdi,ᎣᏥᎪwᏛᏗ
*,ò:sdada:gowhtíha,ᎣᏍᏓᏓᎪwᏘᎭ
*,ò:sdadaktǒ:sdā,ᎣᏍᏓᏓkᏙᏍᏓ
*,ò:sdadà:ktǒ:sdi,ᎣᏍᏓᏓkᏙᏍᏗ
*,ò:sdi:gowhtv́hdi,ᎣᏍᏗᎪwᏛᏗ
*,ù:da:gowhtv́hdi,ᎤᏓᎪwᏛᏗ
*,ù:gowhtv́hdi,ᎤᎪwᏛᏗ
*,ù:hna u:yő gè:sv̌:g,ᎤᎿ ᎤᏲ ᎨᏒg
*,"ù:hna̋ ga:ji:gowhtí, táʔli wě:s","ᎤᎿ ᎦᏥᎪwᏘ, ᏔᎵ ᏪᏍ"
*,"ù:hna̋ ga:ji:gowhtíha, a:nitáʔli wě:sa","ᎤᎿ ᎦᏥᎪwᏘᎭ, ᎠᏂᏔᎵ ᏪᏌ"
*,ù:hna̋ jigowhtí,ᎤᎿ ᏥᎪwᏘ
*,ù:hna̋ jigowhtíha,ᎤᎿ ᏥᎪwᏘᎭ
*,"ù:hna̋, ő:sda sà:gwű jigowhtíha","ᎤᎿ, ᎣᏍᏓ ᏌᏊ ᏥᎪwᏘᎭ"
*,ù:hna̋. ő:sda sà:gwű jigowhtíha!,ᎤᎿ. ᎣᏍᏓ ᏌᏊ ᏥᎪwᏘᎭ!
*,ù:hna̋s a:nijo yǒ:n?,ᎤᎿᏍ ᎠᏂᏦ Ᏺn?
*,ù:hyv:dl.,ᎤᏴdꮅ.
*,ù:nada:gowhtv́hdi,ᎤᎾᏓᎪwᏛᏗ
*,ù:nanht.,ᎤᎾnt.
*,ù:nanhta.,ᎤᎾnᏔ.
*,ù:natdi,ᎤᎾtᏗ
*,ù:ni:gowhtv́hdi,ᎤᏂᎪwᏛᏗ
*,ùnht.,Ꭴnt.
*,ùnhta.,ᎤnᏔ.
*,ő:sd sǒ:gwíl,ᎣᏍd ᏐᏈꮅ
*,ő:sd wě:s gè:sé. u:yő wě:s gè:sé.,ᎣᏍd ᏪᏍ ᎨᏎ. ᎤᏲ ᏪᏍ ᎨᏎ.
*,ǐ:nád,ᎢᎾd
*,ǔ:gám jané.,ᎤᎦm ᏣᏁ.
*,ǔ:gám.,ᎤᎦm.
